final_rank,variant_id,is_reference,final_decision,final_integrated_score,developability_component,structure_retention_component,interface_component,mutation_burden_component,rmsd_penalty,variant_type,mutations,num_mutations,pre_structure_decision,pre_structure_risk_score,delta_risk_score_vs_WT,total_liability_flags,liability_reduction_vs_WT,cdr_liability_flags,cdr_liability_reduction_vs_WT,pI,net_charge_pH_7_4,cdr_hydrophobic_fraction,cdr_aromatic_fraction,optimization_score_pre_structure,epitope_contact_retention,binder_contact_retention,contact_pair_jaccard_vs_reference,interface_contact_count_ratio_vs_reference,binder_ca_rmsd_after_target_alignment_A,epitope_retention_score,structure_retention_decision,boltz_structure_file,available_boltz_metrics
1,PDL1_final_candidate_V99_combined_conservative,False,Reject: binding mode not retained,0.263,1.0,0.133,0.0,0.167,0.2,combined_conservative,D62E;D73E;N77Q;N84Q;D90E,5,Advance to structural re-evaluation,10.0,-5.0,7,5,1,0,9.106,2.854,0.32,0.12,15.0,0.0,0.667,0.0,9.4,90.237,0.133,Low retention; deprioritize,data/structure_eval/predicted_structures/PDL1_final_candidate_V99_combined_conservative_boltz.cif,confidence_PDL1_final_candidate_V99_combined_conservative_model_0:chains_ptm.0=0.883244; confidence_PDL1_final_candidate_V99_combined_conservative_model_0:chains_ptm.1=0.986104; confidence_PDL1_final_candidate_V99_combined_conservative_model_0:complex_iplddt=0.888972; confidence_PDL1_final_candidate_V99_combined_conservative_model_0:complex_plddt=0.93547; confidence_PDL1_final_candidate_V99_combined_conservative_model_0:confidence_score=0.909046; confidence_PDL1_final_candidate_V99_combined_conservative_model_0:iptm=0.803349; confidence_PDL1_final_candidate_V99_combined_conservative_model_0:ligand_iptm=0.0; confidence_PDL1_final_candidate_V99_combined_conservative_model_0:pair_chains_iptm.0.0=0.883244; confidence_PDL1_final_candidate_V99_combined_conservative_model_0:pair_chains_iptm.0.1=0.572381; confidence_PDL1_final_candidate_V99_combined_conservative_model_0:pair_chains_iptm.1.0=0.803349; confidence_PDL1_final_candidate_V99_combined_conservative_model_0:pair_chains_iptm.1.1=0.986104; confidence_PDL1_final_candidate_V99_combined_conservative_model_0:protein_iptm=0.803349
2,PDL1_final_candidate_V04_N84Q,False,Reject,0.163,0.2,0.0,0.0,0.833,0.0,single_mutation,N84Q,1,Consider for structural re-evaluation,14.0,-1.0,11,1,1,0,9.106,2.853,0.32,0.12,3.0,,,,,,,,,
3,PDL1_final_candidate_V05_D90E,False,Reject,0.163,0.2,0.0,0.0,0.833,0.0,single_mutation,D90E,1,Consider for structural re-evaluation,14.0,-1.0,11,1,1,0,9.106,2.853,0.32,0.12,3.0,,,,,,,,,
4,PDL1_final_candidate_V06_W36F,False,Reject,0.163,0.2,0.0,0.0,0.833,0.0,single_mutation,W36F,1,Consider for structural re-evaluation,14.0,-1.0,11,1,1,0,9.106,2.853,0.32,0.12,3.0,,,,,,,,,
5,PDL1_final_candidate_V07_W47F,False,Reject,0.163,0.2,0.0,0.0,0.833,0.0,single_mutation,W47F,1,Consider for structural re-evaluation,14.0,-1.0,11,1,1,0,9.106,2.853,0.32,0.12,3.0,,,,,,,,,
6,PDL1_final_candidate_V08_M83L,False,Reject,0.163,0.2,0.0,0.0,0.833,0.0,single_mutation,M83L,1,Consider for structural re-evaluation,14.0,-1.0,11,1,1,0,9.106,2.853,0.32,0.12,3.0,,,,,,,,,
7,PDL1_final_candidate_V09_W106F,False,Reject,0.163,0.2,0.0,0.0,0.833,0.0,single_mutation,W106F,1,Consider for structural re-evaluation,14.0,-1.0,11,1,1,0,9.106,2.853,0.32,0.12,3.0,,,,,,,,,
8,PDL1_final_candidate_V10_N103Q,False,Reject: binding mode not retained,0.143,0.533,0.133,0.0,0.833,0.2,single_mutation,N103Q,1,Advance to structural re-evaluation,11.0,-4.0,11,1,0,1,9.106,2.853,0.32,0.12,8.0,0.0,0.667,0.0,9.8,92.835,0.133,Low retention; deprioritize,data/structure_eval/predicted_structures/PDL1_final_candidate_V10_N103Q_boltz.cif,confidence_PDL1_final_candidate_V10_N103Q_model_0:chains_ptm.0=0.867311; confidence_PDL1_final_candidate_V10_N103Q_model_0:chains_ptm.1=0.981355; confidence_PDL1_final_candidate_V10_N103Q_model_0:complex_iplddt=0.882477; confidence_PDL1_final_candidate_V10_N103Q_model_0:complex_plddt=0.934033; confidence_PDL1_final_candidate_V10_N103Q_model_0:confidence_score=0.87895; confidence_PDL1_final_candidate_V10_N103Q_model_0:iptm=0.658616; confidence_PDL1_final_candidate_V10_N103Q_model_0:ligand_iptm=0.0; confidence_PDL1_final_candidate_V10_N103Q_model_0:pair_chains_iptm.0.0=0.867311; confidence_PDL1_final_candidate_V10_N103Q_model_0:pair_chains_iptm.0.1=0.399224; confidence_PDL1_final_candidate_V10_N103Q_model_0:pair_chains_iptm.1.0=0.658616; confidence_PDL1_final_candidate_V10_N103Q_model_0:pair_chains_iptm.1.1=0.981355; confidence_PDL1_final_candidate_V10_N103Q_model_0:protein_iptm=0.658616
9,PDL1_final_candidate_V01_D62E,False,Reject: binding mode not retained,0.01,0.2,0.133,0.0,0.833,0.2,single_mutation,D62E,1,Consider for structural re-evaluation,14.0,-1.0,11,1,1,0,9.106,2.853,0.32,0.12,3.0,0.0,0.667,0.0,8.6,89.233,0.133,Low retention; deprioritize,data/structure_eval/predicted_structures/PDL1_final_candidate_V01_D62E_boltz.cif,confidence_PDL1_final_candidate_V01_D62E_model_0:chains_ptm.0=0.858798; confidence_PDL1_final_candidate_V01_D62E_model_0:chains_ptm.1=0.983147; confidence_PDL1_final_candidate_V01_D62E_model_0:complex_iplddt=0.904104; confidence_PDL1_final_candidate_V01_D62E_model_0:complex_plddt=0.943038; confidence_PDL1_final_candidate_V01_D62E_model_0:confidence_score=0.899907; confidence_PDL1_final_candidate_V01_D62E_model_0:iptm=0.727381; confidence_PDL1_final_candidate_V01_D62E_model_0:ligand_iptm=0.0; confidence_PDL1_final_candidate_V01_D62E_model_0:pair_chains_iptm.0.0=0.858798; confidence_PDL1_final_candidate_V01_D62E_model_0:pair_chains_iptm.0.1=0.426752; confidence_PDL1_final_candidate_V01_D62E_model_0:pair_chains_iptm.1.0=0.727381; confidence_PDL1_final_candidate_V01_D62E_model_0:pair_chains_iptm.1.1=0.983147; confidence_PDL1_final_candidate_V01_D62E_model_0:protein_iptm=0.727381
10,PDL1_final_candidate_V02_D73E,False,Reject: binding mode not retained,0.01,0.2,0.133,0.0,0.833,0.2,single_mutation,D73E,1,Consider for structural re-evaluation,14.0,-1.0,11,1,1,0,9.106,2.853,0.32,0.12,3.0,0.0,0.667,0.0,9.0,93.261,0.133,Low retention; deprioritize,data/structure_eval/predicted_structures/PDL1_final_candidate_V02_D73E_boltz.cif,confidence_PDL1_final_candidate_V02_D73E_model_0:chains_ptm.0=0.882134; confidence_PDL1_final_candidate_V02_D73E_model_0:chains_ptm.1=0.985726; confidence_PDL1_final_candidate_V02_D73E_model_0:complex_iplddt=0.905617; confidence_PDL1_final_candidate_V02_D73E_model_0:complex_plddt=0.941247; confidence_PDL1_final_candidate_V02_D73E_model_0:confidence_score=0.912853; confidence_PDL1_final_candidate_V02_D73E_model_0:iptm=0.79928; confidence_PDL1_final_candidate_V02_D73E_model_0:ligand_iptm=0.0; confidence_PDL1_final_candidate_V02_D73E_model_0:pair_chains_iptm.0.0=0.882134; confidence_PDL1_final_candidate_V02_D73E_model_0:pair_chains_iptm.0.1=0.50837; confidence_PDL1_final_candidate_V02_D73E_model_0:pair_chains_iptm.1.0=0.79928; confidence_PDL1_final_candidate_V02_D73E_model_0:pair_chains_iptm.1.1=0.985726; confidence_PDL1_final_candidate_V02_D73E_model_0:protein_iptm=0.79928
11,PDL1_final_candidate_V03_N77Q,False,Reject: binding mode not retained,0.01,0.2,0.133,0.0,0.833,0.2,single_mutation,N77Q,1,Consider for structural re-evaluation,14.0,-1.0,11,1,1,0,9.106,2.853,0.32,0.12,3.0,0.0,0.667,0.0,9.6,86.621,0.133,Low retention; deprioritize,data/structure_eval/predicted_structures/PDL1_final_candidate_V03_N77Q_boltz.cif,confidence_PDL1_final_candidate_V03_N77Q_model_0:chains_ptm.0=0.845886; confidence_PDL1_final_candidate_V03_N77Q_model_0:chains_ptm.1=0.983953; confidence_PDL1_final_candidate_V03_N77Q_model_0:complex_iplddt=0.903817; confidence_PDL1_final_candidate_V03_N77Q_model_0:complex_plddt=0.940644; confidence_PDL1_final_candidate_V03_N77Q_model_0:confidence_score=0.903101; confidence_PDL1_final_candidate_V03_N77Q_model_0:iptm=0.752925; confidence_PDL1_final_candidate_V03_N77Q_model_0:ligand_iptm=0.0; confidence_PDL1_final_candidate_V03_N77Q_model_0:pair_chains_iptm.0.0=0.845886; confidence_PDL1_final_candidate_V03_N77Q_model_0:pair_chains_iptm.0.1=0.490927; confidence_PDL1_final_candidate_V03_N77Q_model_0:pair_chains_iptm.1.0=0.752925; confidence_PDL1_final_candidate_V03_N77Q_model_0:pair_chains_iptm.1.1=0.983953; confidence_PDL1_final_candidate_V03_N77Q_model_0:protein_iptm=0.752925
Reference,PDL1_final_candidate_WT,True,Reference parent,0.0,0.0,0.0,0.0,1.0,0.0,WT,,0,Reference,15.0,0.0,12,0,1,0,9.106,2.853,0.32,0.12,0.0,,,,,,,,,
